Facultad,Condición,Apellido Paterno,Apellido Materno,Nombres,Correo,Grado Académico,Tipo doc.,N° doc.
Ciencias Administrativas,Contratado,FUCHS,ANGELES,ROSA MARÍA,,Doctor,1,07759343
Ciencias Administrativas,Contratado,PACHECO,MARTINEZ,GUILLERMO DAVID,guillermo.pacheco@unmsm.edu.pe,Doctor,1,09371214
Ciencias Administrativas,Contratado,QUISPE,LLAMOCA,ROSA,rquispel1@unmsm.edu.pe,Doctor,1,43069867
Ciencias Administrativas,Contratado,RIVAROLA,GANOZA,IVAN JAVIER,docente195.fca@unmsm.edu.pe,Magíster,1,07702673
Ciencias Administrativas,Contratado,BANCAYAN,ORÉ,CARLOS ARMANDO,cbancayano@unmsm.edu.pe,Doctor,1,09600178
Ciencias Administrativas,Contratado,FIESTAS,PFLUCKER,JORGE ADALBERTO,docente181.fca@unmsm.edu.pe,Magíster,1,07200195
Ciencias Administrativas,Nombrado,VIGO,GÁLVEZ,MARÍA DE LAS MERCEDES ELIZABETH,mvigog@unmsm.edu.pe,Magíster,,
Ciencias Administrativas,Contratado,ALVARADO,TOLENTINO,JAMES MANOLO,jalvaradot@unmsm.edu.pe,Magíster,1,45802401
Ciencias Administrativas,Contratado,ESPONDA,VERSACE,LAURA,docente180.fca@unmsm.edu.pe,Doctor,1,07948162
Ciencias Administrativas,Contratado,MESIAS,MENDOZA,ROCIO DEL PILAR,docente186.fca@unmsm.edu.pe,Magíster,1,09443186
Ciencias Administrativas,Contratado,MUÑOZ,MARTICORENA,WILLIAM AMADEO,docente188.fca@unmsm.edu.pe,Magíster,1,08269783
Ciencias Administrativas,Contratado,OYARSE,CRUZ,JAVIER GUSTAVO,joyarsec@unmsm.edu.pe,Doctor,1,09553590
Ciencias Administrativas,Contratado,QUIÑONES,BALAGUER,MARÍA ANDREA,maria.quinones1@unmsm.edu.pe,Magíster,1,72467783
Ciencias Administrativas,Contratado,SAAVEDRA,ZEGARRA,LUIS,lsaavedraz@unmsm.edu.pe,Magíster,1,25534483
Ciencias Administrativas,Contratado,SOTO,MONTALVA,ROCIO DEL CARMEN,docente198.fca@unmsm.edu.pe,Magíster,1,45889575
Ciencias Administrativas,Contratado,VEGA,DENEGRI,PATRICIA ELVIRA,docente201.fca@unmsm.edu.pe,Magíster,1,09993699
Ciencias Administrativas,Contratado,PALMER,TORRES,JUSSARA INEZ ANAÍ,docente191.fca@unmsm.edu.pe,Doctor,1,46649937
Ciencias Administrativas,Contratado,SALAS,BIONDI,LUIS LEONIDAS,lsalasb1@unmsm.edu.pe,Doctor,1,09419627
Ciencias Administrativas,Contratado,IZQUIERDO,CUBA,RUBÉN PAUL,docente9.fca@unmsm.edu.pe,Magíster,1,09860973
Ciencias Administrativas,Contratado,SILVY,D´ALESSIO,MYRIAM ELENA,msilvyd@unmsm.edu.pe,Doctor,1,08235524
Ciencias Administrativas,Contratado,ABAD,CÁCERES,PEDRO LUIS,pabadc@unmsm.edu.pe,Magíster,1,43346398
Ciencias Administrativas,Contratado,AGUILAR,VARGAS,KAREN VERÓNICA,docente174.fca@unmsm.edu.pe,Magíster,1,18131321
Ciencias Administrativas,Contratado,APAZA,CRUZ,CARMEN ROCÍO,capazac@unmsm.edu.pe,Doctor,1,09508570
Ciencias Administrativas,Contratado,AQUINO,CAVERO,DARWIN JOSÉ EMILIO,daquinoc@unmsm.edu.pe,Magíster,1,08250659
Ciencias Administrativas,Contratado,CHÁVEZ,RAMIREZ,EDITH DELIA,docente177.fca@unmsm.edu.pe,Doctor,1,10752807
Ciencias Administrativas,Contratado,DELL'ERBA,UGOLINI,ITALO,idellerbau@unmsm.edu.pe,Magíster,1,46394156
Ciencias Administrativas,Contratado,ESPINOZA,PANTY,LUIS ALBERTO,docente179.fca@unmsm.edu.pe,Magíster,1,44683350
Ciencias Administrativas,Nombrado,FERNÁNDEZ,BEDOYA,VÍCTOR HUGO,vfernandezb@unmsm.edu.pe,Doctor,,
Ciencias Administrativas,Contratado,HERRERA,CABANA,HUGO VICENTE,hherrerac@unmsm.edu.pe,Magíster,1,43373807
Ciencias Administrativas,Nombrado,JAIMES,DE LA O,LITA JESSICA,ljamesd@unmsm.edu.pe,Magíster,,
Ciencias Administrativas,Contratado,JAVES,SANCHEZ,AUGUSTO FRANCISCO,docente136.fca@unmsm.edu.pe,Magíster,1,07702664
Ciencias Administrativas,Contratado,MENDOZA,NAVA,ARMANDO,amendozana@unmsm.edu.pe,Magíster,1,07973805
Ciencias Administrativas,Contratado,MOLERO,COCA,LUIS ALBERTO,docente187.fca@unmsm.edu.pe,Magíster,1,08827879
Ciencias Administrativas,Contratado,PANTOJA,CRESPO,NOELA MARÍA EUFEMIA,docente137.fca@unmsm.edu.pe,Doctor,1,10211083
Ciencias Administrativas,Contratado,PECCIO,CHAVESTA,EDWIN MARCEL,epeccioc@unmsm.edu.pe,Magíster,1,07183532
Ciencias Administrativas,Contratado,PERALTA,LOAYZA,ELEAZAR FIDEL,eperaltal@unmsm.edu.pe,Magíster,1,07728244
Ingeniería Industrial,Nombrado - OF,PÉREZ,PALACIOS,EMMA,eperezp@unmsm.edu.pe,Doctor,,
Ciencias Administrativas,Contratado,RONCAL,VILLANUEVA,VICTOR AUGUSTO,vroncalv@unmsm.edu.pe,Magíster,1,07919101
Ciencias Administrativas,Contratado,RÍOS,BARRIENTOS,MARIO CESAR,docente194.fca@unmsm.edu.pe,Magíster,1,06151890
Ciencias Administrativas,Contratado,TRIGOSO,RODRÍGUEZ,JORGE LUIS,docentes302.fca@unmsm.edu.pe,Magíster,1,80403283
Ciencias Administrativas,Contratado,URIBE,KAJATT,JUSTINA,juribek@unmsm.edu.pe,Doctor,1,21887386
Ciencias Administrativas,Contratado,VARGAS,MACHUCA GUERRERO,ELIZABETH DEL PILAR,evargasmachucag@unmsm.edu.pe,Magíster,1,06185395
Ciencias Administrativas,Contratado,VELEZMORO,ORMEÑO,ALVARO JOSÉ,avelezmoroo@unmsm.edu.pe,Magíster,1,09828650
Ciencias Administrativas,Contratado,YACOLCA,ESTARES,DANIEL IRWIN,,Doctor,1,09328052
Ciencias Administrativas,Contratado,ZAMORA,DÍAZ,FEDERICO ARMANDO,fzamorad@unmsm.edu.pe,Magíster,1,08051234
Ciencias Administrativas,Contratado,ESCALANTE,VERGARA,DIEGO GUILLERMO,,Magíster,1,43874824
Ciencias Administrativas,Contratado,GUZMÁN,TORRES,JACOB REYNALDO,docente8.fca@unmsm.edu.pe,Magíster,1,08768501
Ciencias Administrativas,Contratado,ORTEGA,MENESES,MARIELA BEATRIZ,mortegam@unmsm.edu.pe,Doctor,,
Ciencias Administrativas,Nombrado,ANDRADES,SOSA,JOSÉ IGNACIO,jandrades@unmsm.edu.pe,MAESTRO,1,25450694
Ciencias Administrativas,Nombrado,BACIGALUPO,POZO,JUAN ALBERTO,jbacigalupop@unmsm.edu.pe,MAESTRO,1,07623179
Ciencias Administrativas,Nombrado,BAZÁN,TANCHIVA,JOSÉ ANTONIO,jbazant@unmsm.edu.pe,MAESTRO,1,16720503
Ciencias Administrativas,Nombrado,BEDOYA,SANCHEZ,ENRIQUE OSVALDO,ebedoyas@unmsm.edu.pe,DOCTOR,1,07248282
Ciencias Administrativas,Nombrado,CASTILLO,MAZA,JUAN VICTORIANO,jcastillom@unmsm.edu.pe,DOCTOR,1,07196790
Ciencias Administrativas,Nombrado,CASTILLO,YUI,NIEVES CECILIA,ncastilloy@unmsm.edu.pe,DOCTOR,1,06723173
Ciencias Administrativas,Nombrado,CASTRO,PEREZ,LUIS ALONSO,lcastrop@unmsm.edu.pe,MAESTRO,1,07948954
Ciencias Administrativas,Nombrado,CHISCUL,PADILLA,MIGUEL ANGEL,mchisculp@unmsm.edu.pe,TITULADO,1,07466431
Ciencias Administrativas,Nombrado,FREYRE,VALLADOLID,FILDA MAYELA,ffreyrev@unmsm.edu.pe,MAESTRO,1,07961299
Ciencias Administrativas,Nombrado,GARCÍA,CHUMIOQUE,FLORISA GRACIELA,fgarciac@unmsm.edu.pe,DOCTOR,1,25838621
Ciencias Administrativas,Nombrado,GOMEZ,REÁTEGUI,JORGE FERNANDO,jgomezr@unmsm.edu.pe,DOCTOR,1,10281900
Ciencias Administrativas,Nombrado,HERRERA,COLLINS,MARCO ANTONIO HENRY,mherrerac@unmsm.edu.pe,MAESTRO,1,44745255
Ciencias Administrativas,Nombrado,MANCHEGO,ODAR,SARA MARÍA,smanchegoo@unmsm.edu.pe,MAESTRO,1,43200509
Ciencias Administrativas,Nombrado,MEJIA,OSORIO,AMADOR GROVER,amejiao@unmsm.edu.pe,DOCTOR,1,08415595
Ciencias Administrativas,Nombrado,MONTALVO,MEJÍA,JOSE LUIS,jmontalvom@unmsm.edu.pe,MAESTRO,1,32131201
Ciencias Administrativas,Nombrado,NARCISO,GOMEZ,KENNEDY,knarcisog@unmsm.edu.pe,DOCTOR,1,22475848
Ciencias Administrativas,Nombrado,PÉREZ,MAMANI,RUBENS HOUSON,rperezma@unmsm.edu.pe,DOCTOR,1,00791893
Ciencias Administrativas,Nombrado,PODESTÁ,CUADROS,SERGIO FERNANDO,spodestac@unmsm.edu.pe,TITULADO,1,08066431
Ciencias Administrativas,Nombrado,QUISPE,GUIZADO,ROBERT MICHELL,rquispeg@unmsm.edu.pe,MAESTRO,1,43759097
Ciencias Administrativas,Nombrado,RETTIS,SALAZAR,HERMINIA TATIANA,hrettiss@unmsm.edu.pe,MAESTRO,1,08802901
Ciencias Administrativas,Nombrado,RONCAL,BARDALES,BRIAN PAUL,broncalb@unmsm.edu.pe,MAESTRO,1,43599113
Ciencias Administrativas,Nombrado,TASSARA,SALVIATI,CARLOS FRANCISCO JOSE,ctassaras@unmsm.edu.pe,MAESTRO,1,40969058
Ciencias Administrativas,Nombrado,TORRES,CASTILLO,ANIBAL,atorresc@unmsm.edu.pe,MAESTRO,1,08677294
Ciencias Administrativas,Nombrado,TUPAC,TRAVEZAÑO,SARA YSABEL,stupact@unmsm.edu.pe,MAESTRO,1,40587232
Ciencias Administrativas,Nombrado,UGARTE,CASAFRANCA,WALTER DAVID,wugartec@unmsm.edu.pe,MAESTRO,1,08204035
Ciencias Administrativas,Nombrado,VARGAS,MERINO,JORGE ALBERTO,jorgealberto.vargas@unmsm.edu.pe,DOCTOR,1,41843715
Ciencias Administrativas,Nombrado,VICENTE,ARMAS,EDGAR,evicentea@unmsm.edu.pe,DOCTOR,1,06003952
Ciencias Administrativas,Nombrado,ZAMORA,RUIZ,KARLA,karla.zamora@unmsm.edu.pe,MAESTRO,1,40577884
Ciencias Contables,Nombrado - OF,COLLAZOS,PAUCAR,EDWIN,edwin.collazos@unmsm.edu.pe,DOCTOR,1,22997939
Ciencias Económicas,Nombrado - OF,VARGAS,SALAZAR,IVONNE YANETE,ivargass@unmsm.edu.pe,MAESTRO,1,16655197
Ciencias Matemáticas,Nombrado - OF,OLIVARES,TAIPE,PAULO CÉSAR,paulo.olivares@unmsm.edu.pe,DOCTOR,1,10288397
Ingeniería Industrial,Nombrado - OF,FARFÁN,MUÑOZ,IVAR RODRIGO,ifarfanm@unmsm.edu.pe,MAESTRO,1,41530072
Letras y Ciencias Humanas,Nombrado - OF,REVOLLEDO,NOVOA,ÁLVARO ARTURO,arevolledon@unmsm.edu.pe,DOCTOR,1,08148444
